AutoNum,TagID_Hex,Time_in_ana,Time_out_anac,Weight,Length,Scales,Fins,Eyes,Ad_Clip,Time_out_surgery,Bleeding,Time_recovered,Surgeon,Data_Rec,Rel_group,HT_Temp,HT_DO,SB_Temp,SB_DO,Notes,DateTagged,FishID,TagID_Decimal,Fish_Type,CommonName,SpeciesName,Origin,StudyID,days_starved,Raceway,Length_Type,Knockout_conc,SurBath_conc,DNA,Tag_placement,Num_sutures,Suture_knot,SutureID,Tag_Weight,Sex,Life_Stage,Rel_loc,Rel_Lat,Rel_Lon,Rel_rkm,Rel_datetime,Tag_status_at_Rel,Last_detect_ref_rec,Manufacturer,TagModel,TagSN,PRI_nominal,PRI_estimate,WarrantyLife,CWT_code,TimeStamp,Release Notes
2076,62A7,8:35:49 AM,8:39:16 AM,7.2,87,G,G,G,,8:40:41 AM,0,8:42:44 AM,BL,HF,,10.5,,11,,SS300,5/9/2023,,,Seasonal Survival,Chinook salmon,Oncorhynchus tshawytscha,Hatchery,Spring_Pulse_2023,2,6,FL,70,25,N,TP,1,1x3,PDO 6-0,0.3,I,sub-yearling,,,,,,On,,ATS,SS300,,5,5,37,5-66-21,09-May-23,
2077,277A,8:37:48 AM,8:41:19 AM,8.8,91,G,G,G,,8:42:41 AM,0,8:44:45 AM,BL,HF,,10.5,,11,,SS300,5/9/2023,,,Seasonal Survival,Chinook salmon,Oncorhynchus tshawytscha,Hatchery,Spring_Pulse_2023,2,6,FL,70,25,N,TP,1,1x3,PDO 6-0,0.3,I,sub-yearling,,,,,,On,,ATS,SS300,,5,5,37,5-66-21,09-May-23,
2078,D422,8:40:53 AM,8:43:20 AM,6.6,86,G,G,G,,8:44:42 AM,0,8:46:47 AM,BL,HF,,10.5,,11,,,5/9/2023,,,Seasonal Survival,Chinook salmon,Oncorhynchus tshawytscha,Hatchery,Spring_Pulse_2023,2,6,FL,70,25,N,TP,1,1x3,PDO 6-0,0.21,I,sub-yearling,,,,,,On,,ATS,SS400,,5,5,71,5-66-21,09-May-23,
2079,D4C6,8:42:54 AM,8:45:26 AM,8.7,90,G,G,G,,8:46:43 AM,0,8:49:27 AM,BL,HF,,10.5,,11,,,5/9/2023,,,Seasonal Survival,Chinook salmon,Oncorhynchus tshawytscha,Hatchery,Spring_Pulse_2023,2,6,FL,70,25,N,TP,1,1x3,PDO 6-0,0.21,I,sub-yearling,,,,,,On,,ATS,SS400,,5,5,71,5-66-21,09-May-23,
2080,B2C2,8:45:03 AM,8:47:53 AM,5.2,79,G,G,G,,8:49:24 AM,0,8:51:30 AM,BL,HF,,10.5,,11,,,5/9/2023,,,Seasonal Survival,Chinook salmon,Oncorhynchus tshawytscha,Hatchery,Spring_Pulse_2023,2,6,FL,70,25,N,TP,1,1x3,PDO 6-0,0.21,I,sub-yearling,,,,,,On,,ATS,SS400,,5,5,71,5-66-21,09-May-23,
2081,D5B8,8:47:13 AM,8:50:05 AM,6.4,84,G,G,G,,8:51:29 AM,0,8:53:59 AM,BL,HF,,10.5,,11,,,5/9/2023,,,Seasonal Survival,Chinook salmon,Oncorhynchus tshawytscha,Hatchery,Spring_Pulse_2023,2,6,FL,70,25,N,TP,1,1x3,PDO 6-0,0.21,I,sub-yearling,,,,,,On,,ATS,SS400,,5,5,71,5-66-21,09-May-23,
2082,8E3D,8:49:39 AM,8:52:24 AM,6.5,85,G,G,G,,8:53:55 AM,0,8:56:15 AM,BL,HF,,10.5,,11,,,5/9/2023,,,Seasonal Survival,Chinook salmon,Oncorhynchus tshawytscha,Hatchery,Spring_Pulse_2023,2,6,FL,70,25,N,TP,1,1x3,PDO 6-0,0.21,I,sub-yearling,,,,,,On,,ATS,SS400,,5,5,71,5-66-21,09-May-23,
2083,B49B,8:54:18 AM,8:56:40 AM,5,80,G,G,G,,8:58:12 AM,0,9:00:07 AM,BL,HF,,10.5,,11,,,5/9/2023,,,Seasonal Survival,Chinook salmon,Oncorhynchus tshawytscha,Hatchery,Spring_Pulse_2023,2,6,FL,70,25,N,TP,1,1x3,PDO 6-0,0.21,I,sub-yearling,,,,,,On,,ATS,SS400,,5,5,71,5-66-21,09-May-23,
2084,D114,8:55:36 AM,8:58:48 AM,6.7,83,G,G,G,,9:00:04 AM,0,9:03:16 AM,BL,HF,,10.5,,11,,,5/9/2023,,,Seasonal Survival,Chinook salmon,Oncorhynchus tshawytscha,Hatchery,Spring_Pulse_2023,2,6,FL,70,25,N,TP,1,1x3,PDO 6-0,0.21,I,sub-yearling,,,,,,On,,ATS,SS400,,5,5,71,5-66-21,09-May-23,
2085,BBC4,8:58:25 AM,9:02:01 AM,5,80,G,G,G,,9:03:13 AM,0,9:05:29 AM,BL,HF,,10.5,,11,,,5/9/2023,,,Seasonal Survival,Chinook salmon,Oncorhynchus tshawytscha,Hatchery,Spring_Pulse_2023,2,6,FL,70,25,N,TP,1,1x3,PDO 6-0,0.21,I,sub-yearling,,,,,,On,,ATS,SS400,,5,5,71,5-66-21,09-May-23,
2086,B1B2,9:00:17 AM,9:03:56 AM,5.4,84,G,G,G,,9:05:26 AM,0,9:07:51 AM,BL,HF,,10.5,,11,,,5/9/2023,,,Seasonal Survival,Chinook salmon,Oncorhynchus tshawytscha,Hatchery,Spring_Pulse_2023,2,6,FL,70,25,N,TP,1,1x3,PDO 6-0,0.21,I,sub-yearling,,,,,,On,,ATS,SS400,,5,5,71,5-66-21,09-May-23,
2087,7FBA,9:03:33 AM,9:06:26 AM,6.7,85,G,G,G,,9:07:47 AM,0,9:10:25 AM,BL,HF,,10.5,,11,,,5/9/2023,,,Seasonal Survival,Chinook salmon,Oncorhynchus tshawytscha,Hatchery,Spring_Pulse_2023,2,6,FL,70,25,N,TP,1,1x3,PDO 6-0,0.21,I,sub-yearling,,,,,,On,,ATS,SS400,,5,5,71,5-66-21,09-May-23,
2088,7AC0,9:05:55 AM,9:08:53 AM,6.3,83,G,G,G,,9:10:22 AM,0,9:11:13 AM,BL,HF,,10.5,,11,,,5/9/2023,,,Seasonal Survival,Chinook salmon,Oncorhynchus tshawytscha,Hatchery,Spring_Pulse_2023,2,6,FL,70,25,N,TP,1,1x3,PDO 6-0,0.21,I,sub-yearling,,,,,,On,,ATS,SS400,,5,5,71,5-66-21,09-May-23,
2094,5D92,9:06:55 AM,9:10:18 AM,7.8,89,G,G,G,,9:11:57 AM,0,9:14:38 AM,BA,RR,,10.5,,11,,SS300,5/9/2023,,,Seasonal Survival,Chinook salmon,Oncorhynchus tshawytscha,Hatchery,Spring_Pulse_2023,2,6,FL,70,25,N,TP,1,1x3,PDO 6-0,0.3,I,sub-yearling,,,,,,On,,ATS,SS300,,5,5,37,5-66-21,09-May-23,
2095,5B32,9:09:33 AM,9:12:52 AM,9.8,94,G,G,G,,9:14:15 AM,0,9:16:44 AM,BA,RR,,10.5,,11,,SS300,5/9/2023,,,Seasonal Survival,Chinook salmon,Oncorhynchus tshawytscha,Hatchery,Spring_Pulse_2023,2,6,FL,70,25,N,TP,1,1x3,PDO 6-0,0.3,I,sub-yearling,,,,,,On,,ATS,SS300,,5,5,37,5-66-21,09-May-23,
2096,A7D2,8:41:23 AM,8:43:28 AM,9.5,94,G,G,G,,8:44:52 AM,0,8:48:34 AM,RR,BA,,10.5,,11,,,5/9/2023,,,Seasonal Survival,Chinook salmon,Oncorhynchus tshawytscha,Hatchery,Spring_Pulse_2023,2,6,FL,70,25,N,TP,1,1x3,PDO 6-0,0.21,I,sub-yearling,,,,,,On,,ATS,SS400,,5,5,71,5-66-21,09-May-23,
2097,B88E,8:45:47 AM,8:47:02 AM,7.5,90,G,G,G,,8:48:33 AM,0,8:51:48 AM,RR,BA,,10.5,,11,,,5/9/2023,,,Seasonal Survival,Chinook salmon,Oncorhynchus tshawytscha,Hatchery,Spring_Pulse_2023,2,6,FL,70,25,N,TP,1,1x3,PDO 6-0,0.21,I,sub-yearling,,,,,,On,,ATS,SS400,,5,5,71,5-66-21,09-May-23,
2098,D37D,8:46:46 AM,8:49:38 AM,5.6,81,G,G,G,,8:51:46 AM,0,8:55:49 AM,RR,BA,,10.5,,11,,,5/9/2023,,,Seasonal Survival,Chinook salmon,Oncorhynchus tshawytscha,Hatchery,Spring_Pulse_2023,2,6,FL,70,25,N,TP,1,1x3,PDO 6-0,0.21,I,sub-yearling,,,,,,On,,ATS,SS400,,5,5,71,5-66-21,09-May-23,
2099,D481,8:52:19 AM,8:54:11 AM,7.2,87,G,G,G,,8:55:47 AM,0,8:58:18 AM,RR,BA,,10.5,,11,,,5/9/2023,,,Seasonal Survival,Chinook salmon,Oncorhynchus tshawytscha,Hatchery,Spring_Pulse_2023,2,6,FL,70,25,N,TP,1,1x3,PDO 6-0,0.21,I,sub-yearling,,,,,,On,,ATS,SS400,,5,5,71,5-66-21,09-May-23,
2100,B2EC,8:53:51 AM,8:56:44 AM,7.8,91,G,G,G,,8:58:17 AM,0,9:00:45 AM,RR,BA,,10.5,,11,,,5/9/2023,,,Seasonal Survival,Chinook salmon,Oncorhynchus tshawytscha,Hatchery,Spring_Pulse_2023,2,6,FL,70,25,N,TP,1,1x3,PDO 6-0,0.21,I,sub-yearling,,,,,,On,,ATS,SS400,,5,5,71,5-66-21,09-May-23,
2101,D88D,8:56:35 AM,8:59:13 AM,7.3,88,G,G,G,,9:00:43 AM,0,9:04:58 AM,RR,BA,,10.5,,11,,,5/9/2023,,,Seasonal Survival,Chinook salmon,Oncorhynchus tshawytscha,Hatchery,Spring_Pulse_2023,2,6,FL,70,25,N,TP,1,1x3,PDO 6-0,0.21,I,sub-yearling,,,,,,On,,ATS,SS400,,5,5,71,5-66-21,09-May-23,
2102,D4E1,9:12:38 AM,9:15:08 AM,7.5,88,G,G,G,,9:16:42 AM,0,9:18:10 AM,BA,RR,,10.5,,11,,"Fish jumped during incision, incision larger",5/9/2023,,,Seasonal Survival,Chinook salmon,Oncorhynchus tshawytscha,Hatchery,Spring_Pulse_2023,2,6,FL,70,25,N,TP,1,1x3,PDO 6-0,0.21,I,sub-yearling,,,,,,On,,ATS,SS400,,5,5,71,5-66-21,09-May-23,
2103,B2C7,9:15:04 AM,9:18:45 AM,6.2,86,G,G,G,,9:20:34 AM,0,9:25:38 AM,BA,RR,,10.5,,11,,,5/9/2023,,,Seasonal Survival,Chinook salmon,Oncorhynchus tshawytscha,Hatchery,Spring_Pulse_2023,2,6,FL,70,25,N,TP,1,1x3,PDO 6-0,0.21,I,sub-yearling,,,,,,On,,ATS,SS400,,5,5,71,5-66-21,09-May-23,
2104,E519,9:21:33 AM,9:24:13 AM,5.8,82,G,G,G,,9:25:35 AM,0,9:28:08 AM,BA,RR,,10.5,,11,,,5/9/2023,,,Seasonal Survival,Chinook salmon,Oncorhynchus tshawytscha,Hatchery,Spring_Pulse_2023,2,6,FL,70,25,N,TP,1,1x3,PDO 6-0,0.21,I,sub-yearling,,,,,,On,,ATS,SS400,,5,5,71,5-66-21,09-May-23,
2105,CD5C,9:23:48 AM,9:26:39 AM,6.8,89,G,G,G,,9:28:06 AM,0,9:30:15 AM,BA,RR,,10.5,,11,,,5/9/2023,,,Seasonal Survival,Chinook salmon,Oncorhynchus tshawytscha,Hatchery,Spring_Pulse_2023,2,6,FL,70,25,N,TP,1,1x3,PDO 6-0,0.21,I,sub-yearling,,,,,,On,,ATS,SS400,,5,5,71,5-66-21,09-May-23,
2106,2B5F,2:19:29 PM,2:21:14 PM,5.9,80,G,G,G,,2:22:48 PM,0,2:25:18 PM,JF,CM,,,,,,SS300,5/2/2023,,,Seasonal Survival,Chinook salmon,Oncorhynchus tshawytscha,Hatchery,Spring_Pulse_2023,2,6,FL,75,25,N,TP,1,1x3,PDO 6-0,0.21,I,sub-yearling,,,,,,On,,ATS,SS300,,5,5,37,5-66-21,02-May-23,
2107,5637,2:20:52 PM,2:23:51 PM,7.3,87,G,G,G,,2:25:10 PM,0,2:29:10 PM,JF,CM,,,,,,SS300,5/2/2023,,,Seasonal Survival,Chinook salmon,Oncorhynchus tshawytscha,Hatchery,Spring_Pulse_2023,2,6,FL,75,25,N,TP,1,1x3,PDO 6-0,0.21,I,sub-yearling,,,,,,On,,ATS,SS300,,5,5,37,5-66-21,02-May-23,
2108,D65B,2:23:40 PM,2:27:27 PM,6.6,86,G,G,G,,2:29:07 PM,0,2:31:09 PM,JF,CM,,,,,,,5/2/2023,,,Seasonal Survival,Chinook salmon,Oncorhynchus tshawytscha,Hatchery,Spring_Pulse_2023,2,6,FL,75,25,N,TP,1,1x3,PDO 6-0,0.21,I,sub-yearling,,,,,,On,,ATS,SS400,,5,5,71,5-66-21,02-May-23,
2109,B157,2:26:02 PM,2:29:46 PM,8,89,G,G,G,,2:31:06 PM,0,2:33:41 PM,JF,CM,,,,,,,5/2/2023,,,Seasonal Survival,Chinook salmon,Oncorhynchus tshawytscha,Hatchery,Spring_Pulse_2023,2,6,FL,75,25,N,TP,1,1x3,PDO 6-0,0.21,I,sub-yearling,,,,,,On,,ATS,SS400,,5,5,71,5-66-21,02-May-23,
2110,91F3,2:29:44 PM,2:32:09 PM,7.9,87,G,G,G,,2:33:39 PM,0,2:36:00 PM,JF,CM,,,,,,,5/2/2023,,,Seasonal Survival,Chinook salmon,Oncorhynchus tshawytscha,Hatchery,Spring_Pulse_2023,2,6,FL,75,25,N,TP,1,1x3,PDO 6-0,0.21,I,sub-yearling,,,,,,On,,ATS,SS400,,5,5,71,5-66-21,02-May-23,
2111,B160,2:32:07 PM,2:34:34 PM,7.3,85,G,G,G,,2:35:58 PM,0,2:38:42 PM,JF,CM,,,,,,,5/2/2023,,,Seasonal Survival,Chinook salmon,Oncorhynchus tshawytscha,Hatchery,Spring_Pulse_2023,2,6,FL,75,25,N,TP,1,1x3,PDO 6-0,0.21,I,sub-yearling,,,,,,On,,ATS,SS400,,5,5,71,5-66-21,02-May-23,
2112,D7B2,2:34:33 PM,2:36:53 PM,7.9,87,G,G,G,,2:38:39 PM,0,2:41:03 PM,JF,CM,,,,,,,5/2/2023,,,Seasonal Survival,Chinook salmon,Oncorhynchus tshawytscha,Hatchery,Spring_Pulse_2023,2,6,FL,75,25,N,TP,1,1x3,PDO 6-0,0.21,I,sub-yearling,,,,,,On,,ATS,SS400,,5,5,71,5-66-21,02-May-23,
2113,D0DB,2:36:35 PM,2:39:28 PM,10.3,97,G,G,G,,2:41:01 PM,0,2:43:40 PM,JF,CM,,,,,,,5/2/2023,,,Seasonal Survival,Chinook salmon,Oncorhynchus tshawytscha,Hatchery,Spring_Pulse_2023,2,6,FL,75,25,N,TP,1,1x3,PDO 6-0,0.21,I,sub-yearling,,,,,,On,,ATS,SS400,,5,5,71,5-66-21,02-May-23,
2114,B87A,2:39:17 PM,2:42:11 PM,6.8,87,G,G,G,,2:43:38 PM,0,2:46:15 PM,JF,CM,,,,,,,5/2/2023,,,Seasonal Survival,Chinook salmon,Oncorhynchus tshawytscha,Hatchery,Spring_Pulse_2023,2,6,FL,75,25,N,TP,1,1x3,PDO 6-0,0.21,I,sub-yearling,,,,,,On,,ATS,SS400,,5,5,71,5-66-21,02-May-23,
2115,D0E9,2:41:50 PM,2:44:47 PM,6.3,81,G,G,G,,2:46:10 PM,0,2:50:05 PM,JF,CM,,,,,,,5/2/2023,,,Seasonal Survival,Chinook salmon,Oncorhynchus tshawytscha,Hatchery,Spring_Pulse_2023,2,6,FL,75,25,N,TP,1,1x3,PDO 6-0,0.21,I,sub-yearling,,,,,,On,,ATS,SS400,,5,5,71,5-66-21,02-May-23,
2116,8503,2:44:20 PM,2:48:13 PM,6.2,82,G,G,G,,2:50:00 PM,0,2:52:21 PM,JF,CM,,,,,,,5/2/2023,,,Seasonal Survival,Chinook salmon,Oncorhynchus tshawytscha,Hatchery,Spring_Pulse_2023,2,6,FL,75,25,N,TP,1,1x3,PDO 6-0,0.21,I,sub-yearling,,,,,,On,,ATS,SS400,,5,5,71,5-66-21,02-May-23,
2117,7BE8,2:47:13 PM,2:50:50 PM,7.4,86,G,G,G,,2:52:20 PM,0,2:54:10 PM,JF,CM,,,,,,,5/2/2023,,,Seasonal Survival,Chinook salmon,Oncorhynchus tshawytscha,Hatchery,Spring_Pulse_2023,2,6,FL,75,25,N,TP,1,1x3,PDO 6-0,0.21,I,sub-yearling,,,,,,On,,ATS,SS400,,5,5,71,5-66-21,02-May-23,
2118,9C37,2:49:07 PM,2:52:51 PM,7.2,82,G,G,G,,2:54:07 PM,0,2:55:49 PM,JF,CM,,,,,,,5/2/2023,,,Seasonal Survival,Chinook salmon,Oncorhynchus tshawytscha,Hatchery,Spring_Pulse_2023,2,6,FL,75,25,N,TP,1,1x3,PDO 6-0,0.21,I,sub-yearling,,,,,,On,,ATS,SS400,,5,5,71,5-66-21,02-May-23,
2119,2C49,2:44:21 PM,2:46:15 PM,5.8,83,G,G,G,,2:47:43 PM,0,2:49:59 PM,BA,PC,,,,,,SS300,5/2/2023,,,Seasonal Survival,Chinook salmon,Oncorhynchus tshawytscha,Hatchery,Spring_Pulse_2023,2,6,FL,75,20,N,TP,1,1x3,PDO 6-0,0.21,I,sub-yearling,,,,,,On,,ATS,SS300,,5,5,37,5-66-21,02-May-23,
2120,2765,2:45:46 PM,2:48:43 PM,5.2,80,G,G,G,,2:49:57 PM,0,2:56:04 PM,BA,PC,,,,,,SS300,5/2/2023,,,Seasonal Survival,Chinook salmon,Oncorhynchus tshawytscha,Hatchery,Spring_Pulse_2023,2,6,FL,75,20,N,TP,1,1x3,PDO 6-0,0.21,I,sub-yearling,,,,,,On,,ATS,SS300,,5,5,37,5-66-21,02-May-23,
2121,70C1,2:52:41 PM,2:54:42 PM,5.9,82,G,G,G,,2:56:02 PM,0,3:02:19 PM,BA,PC,,,,,,,5/2/2023,,,Seasonal Survival,Chinook salmon,Oncorhynchus tshawytscha,Hatchery,Spring_Pulse_2023,2,6,FL,75,20,N,TP,1,1x3,PDO 6-0,0.21,I,sub-yearling,,,,,,On,,ATS,SS400,,5,5,71,5-66-21,02-May-23,
2122,741C,2:53:42 PM,2:56:42 PM,6.3,84,G,G,G,,2:58:04 PM,0,3:02:20 PM,BA,PC,,,,,,,5/2/2023,,,Seasonal Survival,Chinook salmon,Oncorhynchus tshawytscha,Hatchery,Spring_Pulse_2023,2,6,FL,75,20,N,TP,1,1x3,PDO 6-0,0.21,I,sub-yearling,,,,,,On,,ATS,SS400,,5,5,71,5-66-21,02-May-23,
2123,AF18,2:55:39 PM,2:58:43 PM,6.1,81,G,G,G,,3:00:31 PM,0,3:02:21 PM,BA,PC,,,,,,"dead in tank next morning, tag removed, not brought back to SC",5/2/2023,,,Seasonal Survival,Chinook salmon,Oncorhynchus tshawytscha,Hatchery,Spring_Pulse_2023,2,6,FL,75,20,N,TP,1,1x3,PDO 6-0,0.21,I,sub-yearling,,,,,,On,,ATS,SS400,,5,5,71,5-66-21,02-May-23,
2124,EA75,2:58:00 PM,3:00:39 PM,8.3,90,G,G,G,,3:02:17 PM,0,3:06:30 PM,BA,PC,,,,,,,5/2/2023,,,Seasonal Survival,Chinook salmon,Oncorhynchus tshawytscha,Hatchery,Spring_Pulse_2023,2,6,FL,75,20,N,TP,1,1x3,PDO 6-0,0.21,I,sub-yearling,,,,,,On,,ATS,SS400,,5,5,71,5-66-21,02-May-23,
2125,86FB,3:00:34 PM,3:03:12 PM,8.1,91,G,G,G,,3:04:45 PM,0,3:06:31 PM,BA,PC,,,,,,,5/2/2023,,,Seasonal Survival,Chinook salmon,Oncorhynchus tshawytscha,Hatchery,Spring_Pulse_2023,2,6,FL,75,20,N,TP,1,1x3,PDO 6-0,0.21,I,sub-yearling,,,,,,On,,ATS,SS400,,5,5,71,5-66-21,02-May-23,
2126,7A78,3:02:04 PM,3:05:13 PM,8.3,91,G,G,G,,3:06:28 PM,0,3:08:53 PM,BA,PC,,,,,,,5/2/2023,,,Seasonal Survival,Chinook salmon,Oncorhynchus tshawytscha,Hatchery,Spring_Pulse_2023,2,6,FL,75,20,N,TP,1,1x3,PDO 6-0,0.21,I,sub-yearling,,,,,,On,,ATS,SS400,,5,5,71,5-66-21,02-May-23,
2127,7B10,3:04:41 PM,3:07:32 PM,6.9,85,G,G,G,,3:08:49 PM,0,3:12:41 PM,BA,PC,,,,,,,5/2/2023,,,Seasonal Survival,Chinook salmon,Oncorhynchus tshawytscha,Hatchery,Spring_Pulse_2023,2,6,FL,75,20,N,TP,1,1x3,PDO 6-0,0.21,I,sub-yearling,,,,,,On,,ATS,SS400,,5,5,71,5-66-21,02-May-23,
2128,DB4F,3:06:26 PM,3:09:19 PM,5.7,81,G,G,G,,3:10:36 PM,0,3:12:43 PM,BA,PC,,,,,,,5/2/2023,,,Seasonal Survival,Chinook salmon,Oncorhynchus tshawytscha,Hatchery,Spring_Pulse_2023,2,6,FL,75,20,N,TP,1,1x3,PDO 6-0,0.21,I,sub-yearling,,,,,,On,,ATS,SS400,,5,5,71,5-66-21,02-May-23,
2129,99E3,3:09:20 PM,3:11:23 PM,6.2,81,G,G,G,,3:12:38 PM,0,3:14:36 PM,BA,PC,,,,,,,5/2/2023,,,Seasonal Survival,Chinook salmon,Oncorhynchus tshawytscha,Hatchery,Spring_Pulse_2023,2,6,FL,75,20,N,TP,1,1x3,PDO 6-0,0.21,I,sub-yearling,,,,,,On,,ATS,SS400,,5,5,71,5-66-21,02-May-23,
2130,8FC9,3:10:09 PM,3:13:09 PM,6.6,84,G,G,G,,3:14:34 PM,0,3:17:34 PM,BA,PC,,,,,,,5/2/2023,,,Seasonal Survival,Chinook salmon,Oncorhynchus tshawytscha,Hatchery,Spring_Pulse_2023,2,6,FL,75,20,N,TP,1,1x3,PDO 6-0,0.21,I,sub-yearling,,,,,,On,,ATS,SS400,,5,5,71,5-66-21,02-May-23,
2131,A93E,2:16:41 PM,2:19:30 PM,6.9,85,G,G,G,N,2:20:53 PM,0,2:23:16 PM,BL,RR,,13.3,10.88,13.7,11.18,,4/24/2023,,43326,Seasonal Survival,Chinook salmon,Oncorhynchus tshawytscha,Hatchery,Seasonal_Survival_2023,2,6,FL,75,25,N,TP,1,1x3,PDO 6-0,0.21,I,sub-yearling,,,,,,On,,ATS,SS400,,5,5,71,5-66-21,24-Apr-23,
2132,9C3D,2:19:08 PM,2:21:53 PM,7,86,G,G,G,N,2:23:15 PM,0,2:25:15 PM,BL,RR,,13.3,10.88,13.7,11.18,,4/24/2023,,39997,Seasonal Survival,Chinook salmon,Oncorhynchus tshawytscha,Hatchery,Seasonal_Survival_2023,2,6,FL,75,25,N,TP,1,1x3,PDO 6-0,0.21,I,sub-yearling,,,,,,On,,ATS,SS400,,5,5,71,5-66-21,24-Apr-23,
2133,8F47,2:21:03 PM,2:23:55 PM,7.7,89,G,G,G,N,2:25:13 PM,0,2:27:39 PM,BL,RR,,13.3,10.88,13.7,11.18,,4/24/2023,,36679,Seasonal Survival,Chinook salmon,Oncorhynchus tshawytscha,Hatchery,Spring_Pulse_2023,2,6,FL,75,25,N,TP,1,1x3,PDO 6-0,0.21,I,sub-yearling,,,,,,On,,ATS,SS400,,5,5,71,5-66-21,24-Apr-23,
2134,79BC,2:23:29 PM,2:25:51 PM,5.3,79,G,G,G,N,2:27:22 PM,0,2:29:52 PM,BL,RR,,13.3,10.88,13.7,11.18,,4/24/2023,,31164,Seasonal Survival,Chinook salmon,Oncorhynchus tshawytscha,Hatchery,Spring_Pulse_2023,2,6,FL,75,25,N,TP,1,1x3,PDO 6-0,0.21,I,sub-yearling,,,,,,On,,ATS,SS400,,5,5,71,5-66-21,24-Apr-23,
2135,733E,2:25:26 PM,2:28:16 PM,7.3,84,G,G,G,N,2:29:51 PM,0,2:31:59 PM,BL,RR,,13.3,10.88,13.7,11.18,,4/24/2023,,29502,Seasonal Survival,Chinook salmon,Oncorhynchus tshawytscha,Hatchery,Spring_Pulse_2023,2,6,FL,75,25,N,TP,1,1x3,PDO 6-0,0.21,I,sub-yearling,,,,,,On,,ATS,SS400,,5,5,71,5-66-21,24-Apr-23,
2136,8035,2:27:36 PM,2:30:33 PM,9.4,93,G,G,G,N,2:31:58 PM,0,2:36:16 PM,BL,RR,,13.3,10.88,13.7,11.18,,4/24/2023,,32821,Seasonal Survival,Chinook salmon,Oncorhynchus tshawytscha,Hatchery,Spring_Pulse_2023,2,6,FL,75,25,N,TP,1,1x3,PDO 6-0,0.21,I,sub-yearling,,,,,,On,,ATS,SS400,,5,5,71,5-66-21,24-Apr-23,
2137,71E4,2:32:20 PM,2:34:48 PM,7.4,84,G,G,G,N,2:36:15 PM,0,2:38:34 PM,BL,RR,,13.3,10.88,13.7,11.18,"Bottom of the E cut off, could be F",4/24/2023,,29156,Seasonal Survival,Chinook salmon,Oncorhynchus tshawytscha,Hatchery,Spring_Pulse_2023,2,6,FL,75,25,N,TP,1,1x3,PDO 6-0,0.21,I,sub-yearling,,,,,,On,,ATS,SS400,,5,5,71,5-66-21,24-Apr-23,
2138,8D81,2:34:43 PM,2:37:01 PM,7.1,82,G,G,G,N,2:38:15 PM,0,2:40:35 PM,BL,RR,,13.3,10.88,13.7,11.18,,4/24/2023,,36225,Seasonal Survival,Chinook salmon,Oncorhynchus tshawytscha,Hatchery,Spring_Pulse_2023,2,6,FL,75,25,N,TP,1,1x3,PDO 6-0,0.21,I,sub-yearling,,,,,,On,,ATS,SS400,,5,5,71,5-66-21,24-Apr-23,
2139,6E02,2:36:32 PM,2:39:03 PM,6.7,84,G,G,G,N,2:40:33 PM,0,2:42:49 PM,BL,RR,,13.3,10.88,13.7,11.18,,4/24/2023,,28162,Seasonal Survival,Chinook salmon,Oncorhynchus tshawytscha,Hatchery,Spring_Pulse_2023,2,6,FL,75,25,N,TP,1,1x3,PDO 6-0,0.21,I,sub-yearling,,,,,,On,,ATS,SS400,,5,5,71,5-66-21,24-Apr-23,
2140,7FA2,2:38:32 PM,2:41:06 PM,6.9,84,G,G,G,N,2:42:47 PM,0,2:44:50 PM,BL,RR,,13.3,10.88,13.7,11.18,,4/24/2023,,32674,Seasonal Survival,Chinook salmon,Oncorhynchus tshawytscha,Hatchery,Spring_Pulse_2023,2,6,FL,75,25,N,TP,1,1x3,PDO 6-0,0.21,I,sub-yearling,,,,,,On,,ATS,SS400,,5,5,71,5-66-21,24-Apr-23,
2141,6C30,2:40:40 PM,2:43:29 PM,7.3,86,G,G,G,N,2:44:45 PM,0,2:46:38 PM,BL,RR,,13.3,10.88,13.7,11.18,,4/24/2023,,27696,Seasonal Survival,Chinook salmon,Oncorhynchus tshawytscha,Hatchery,Spring_Pulse_2023,2,6,FL,75,25,N,TP,1,1x3,PDO 6-0,0.21,I,sub-yearling,,,,,,On,,ATS,SS400,,5,5,71,5-66-21,24-Apr-23,
2142,6259,2:42:59 PM,2:45:27 PM,6.2,84,G,G,G,N,2:46:36 PM,0,2:48:40 PM,BL,RR,,13.3,10.88,13.7,11.18,,4/24/2023,,25177,Seasonal Survival,Chinook salmon,Oncorhynchus tshawytscha,Hatchery,Spring_Pulse_2023,2,6,FL,75,25,N,TP,1,1x3,PDO 6-0,0.3,I,sub-yearling,,,,,,On,,ATS,SS300,,5,5,37,5-66-21,24-Apr-23,
2143,642D,2:45:01 PM,2:47:24 PM,6.5,82,G,G,G,N,2:48:38 PM,0,2:50:52 PM,BL,RR,,13.3,10.88,13.7,11.18,,4/24/2023,,25645,Seasonal Survival,Chinook salmon,Oncorhynchus tshawytscha,Hatchery,Spring_Pulse_2023,2,6,FL,75,25,N,TP,1,1x3,PDO 6-0,0.3,I,sub-yearling,,,,,,On,,ATS,SS300,,5,5,37,5-66-21,24-Apr-23,
2144,88DC,2:46:52 PM,2:49:18 PM,5.3,80,G,G,G,N,2:50:49 PM,0,2:53:07 PM,BL,RR,,13.3,10.88,13.7,11.18,,4/24/2023,,35036,Seasonal Survival,Chinook salmon,Oncorhynchus tshawytscha,Hatchery,Spring_Pulse_2023,2,6,FL,75,25,N,TP,1,1x3,PDO 6-0,0.3,I,sub-yearling,,,,,,On,,ATS,SS300,,5,5,37,5-66-21,24-Apr-23,
2145,5CED,2:48:50 PM,2:51:46 PM,7.5,86,G,G,G,N,2:53:04 PM,0,2:56:52 PM,BL,RR,,13.3,10.88,13.7,11.18,,4/24/2023,,23789,Seasonal Survival,Chinook salmon,Oncorhynchus tshawytscha,Hatchery,Spring_Pulse_2023,2,6,FL,75,25,N,TP,1,1x3,PDO 6-0,0.3,I,sub-yearling,,,,,,On,,ATS,SS300,,5,5,37,5-66-21,24-Apr-23,
2146,5BA9,2:18:03 PM,2:19:36 PM,6.6,85,G,G,G,N,2:21:54 PM,0,2:24:00 PM,JF,LT,,13.3,10.88,13.7,11.18,,4/24/2023,,23465,Seasonal Survival,Chinook salmon,Oncorhynchus tshawytscha,Hatchery,Spring_Pulse_2023,2,6,FL,75,25,N,TP,1,1x3,PDO 6-0,0.3,I,sub-yearling,,,,,,On,,ATS,SS300,,5,5,37,5-66-21,24-Apr-23,
2147,87D2,2:19:29 PM,2:22:16 PM,7.5,86,G,G,G,N,2:24:02 PM,0,2:25:59 PM,JF,LT,,13.3,10.88,13.7,11.18,,4/24/2023,,34770,Seasonal Survival,Chinook salmon,Oncorhynchus tshawytscha,Hatchery,Spring_Pulse_2023,2,6,FL,75,25,N,TP,1,1x3,PDO 6-0,0.3,I,sub-yearling,,,,,,On,,ATS,SS300,,5,5,37,5-66-21,24-Apr-23,
2148,5DF5,2:22:52 PM,2:24:33 PM,6.2,84,G,G,G,N,2:25:58 PM,0,2:28:12 PM,JF,LT,,13.3,10.88,13.7,11.18,,4/24/2023,,24053,Seasonal Survival,Chinook salmon,Oncorhynchus tshawytscha,Hatchery,Spring_Pulse_2023,2,6,FL,75,25,N,TP,1,1x3,PDO 6-0,0.3,I,sub-yearling,,,,,,On,,ATS,SS300,,5,5,37,5-66-21,24-Apr-23,
2149,8B1E,2:24:32 PM,2:26:52 PM,5.9,82,G,G,G,N,2:28:10 PM,0,2:30:27 PM,JF,LT,,13.3,10.88,13.7,11.18,,4/24/2023,,35614,Seasonal Survival,Chinook salmon,Oncorhynchus tshawytscha,Hatchery,Spring_Pulse_2023,2,6,FL,75,25,N,TP,1,1x3,PDO 6-0,0.3,I,sub-yearling,,,,,,On,,ATS,SS300,,5,5,37,5-66-21,24-Apr-23,
2150,6254,2:26:43 PM,2:28:44 PM,6,80,G,G,G,N,2:30:24 PM,0,2:32:31 PM,JF,LT,,13.3,10.88,13.7,11.18,,4/24/2023,,25172,Seasonal Survival,Chinook salmon,Oncorhynchus tshawytscha,Hatchery,Spring_Pulse_2023,2,6,FL,75,25,N,TP,1,1x3,PDO 6-0,0.3,I,sub-yearling,,,,,,On,,ATS,SS300,,5,5,37,5-66-21,24-Apr-23,
2151,827B,2:28:43 PM,2:28:44 PM,5.9,84,G,G,G,N,2:32:29 PM,0,2:34:54 PM,JF,LT,,13.3,10.88,13.7,11.18,,4/24/2023,,33403,Seasonal Survival,Chinook salmon,Oncorhynchus tshawytscha,Hatchery,Spring_Pulse_2023,2,6,FL,75,25,N,TP,1,1x3,PDO 6-0,0.21,I,sub-yearling,,,,,,On,,ATS,SS400,,5,5,71,5-66-21,24-Apr-23,
2152,C0CA,2:31:05 PM,2:33:33 PM,6.6,84,G,G,G,N,2:34:51 PM,0,2:37:22 PM,JF,LT,,13.3,10.88,13.7,11.18,,4/24/2023,,49354,Seasonal Survival,Chinook salmon,Oncorhynchus tshawytscha,Hatchery,Spring_Pulse_2023,2,6,FL,75,25,N,TP,1,1x3,PDO 6-0,0.21,I,sub-yearling,,,,,,On,,ATS,SS400,,5,5,71,5-66-21,24-Apr-23,
2153,7058,2:31:00 PM,2:35:26 PM,7.8,89,G,G,G,N,2:37:17 PM,0,2:39:17 PM,JF,LT,,13.3,10.88,13.7,11.18,,4/24/2023,,28760,Seasonal Survival,Chinook salmon,Oncorhynchus tshawytscha,Hatchery,Spring_Pulse_2023,2,6,FL,75,25,N,TP,1,1x3,PDO 6-0,0.21,I,sub-yearling,,,,,,On,,ATS,SS400,,5,5,71,5-66-21,24-Apr-23,
2154,923F,2:35:18 PM,2:37:49 PM,7,87,G,G,G,N,2:39:13 PM,0,2:42:35 PM,JF,LT,,13.3,10.88,13.7,11.18,,4/24/2023,,37439,Seasonal Survival,Chinook salmon,Oncorhynchus tshawytscha,Hatchery,Spring_Pulse_2023,2,6,FL,75,25,N,TP,1,1x3,PDO 6-0,0.21,I,sub-yearling,,,,,,On,,ATS,SS400,,5,5,71,5-66-21,24-Apr-23,
2155,9C09,2:37:48 PM,2:40:01 PM,6.3,85,G,G,G,N,2:41:38 PM,0,2:42:38 PM,JF,LT,,13.3,10.88,13.7,11.18,,4/24/2023,,39945,Seasonal Survival,Chinook salmon,Oncorhynchus tshawytscha,Hatchery,Spring_Pulse_2023,2,6,FL,75,25,N,TP,1,1x3,PDO 6-0,0.21,I,sub-yearling,,,,,,On,,ATS,SS400,,5,5,71,5-66-21,24-Apr-23,
2156,77DC,2:39:49 PM,2:41:53 PM,6.2,82,G,G,G,N,2:43:12 PM,0,2:45:29 PM,JF,LT,,13.3,10.88,13.7,11.18,,4/24/2023,,30684,Seasonal Survival,Chinook salmon,Oncorhynchus tshawytscha,Hatchery,Spring_Pulse_2023,2,6,FL,75,25,N,TP,1,1x3,PDO 6-0,0.21,I,sub-yearling,,,,,,On,,ATS,SS400,,5,5,71,5-66-21,24-Apr-23,
2157,66F0,2:42:26 PM,2:43:46 PM,7.6,87,G,G,G,N,2:45:26 PM,0,2:47:46 PM,JF,LT,,13.3,10.88,13.7,11.18,fish is jumpy,4/24/2023,,26352,Seasonal Survival,Chinook salmon,Oncorhynchus tshawytscha,Hatchery,Spring_Pulse_2023,2,6,FL,75,25,N,TP,1,1x3,PDO 6-0,0.21,I,sub-yearling,,,,,,On,,ATS,SS400,,5,5,71,5-66-21,24-Apr-23,
2158,79DE,2:44:23 PM,2:45:59 PM,6.7,86,G,G,G,N,2:47:44 PM,0,2:52:08 PM,JF,LT,,13.3,10.88,13.7,11.18,,4/24/2023,,31198,Seasonal Survival,Chinook salmon,Oncorhynchus tshawytscha,Hatchery,Spring_Pulse_2023,2,6,FL,75,25,N,TP,1,1x3,PDO 6-0,0.21,I,sub-yearling,,,,,,On,,ATS,SS400,,5,5,71,5-66-21,24-Apr-23,
2159,C9EB,2:48:32 PM,2:50:29 PM,7.4,88,G,G,G,N,2:52:07 PM,0,2:54:08 PM,JF,LT,,13.3,10.88,13.7,11.18,,4/24/2023,,51691,Seasonal Survival,Chinook salmon,Oncorhynchus tshawytscha,Hatchery,Spring_Pulse_2023,2,6,FL,75,25,N,TP,1,1x3,PDO 6-0,0.21,I,sub-yearling,,,,,,On,,ATS,SS400,,5,5,71,5-66-21,24-Apr-23,
2160,9DC7,2:50:10 PM,2:52:42 PM,6.7,84,G,G,G,N,2:54:07 PM,0,2:56:39 PM,JF,LT,,13.3,10.88,13.7,11.18,,4/24/2023,,40391,Seasonal Survival,Chinook salmon,Oncorhynchus tshawytscha,Hatchery,Spring_Pulse_2023,2,6,FL,75,25,N,TP,1,1x3,PDO 6-0,0.21,I,sub-yearling,,,,,,On,,ATS,SS400,,5,5,71,5-66-21,24-Apr-23,
2161,F557,4:08:17 PM,4:11:34 PM,7.4,84,G,G,G,N,4:12:44 PM,0,4:16:23 PM,BA,PC,,10.8,11.56,11.1,11.66,,4/18/2023,,,Seasonal Survival,Chinook salmon,Oncorhynchus tshawytscha,Hatchery,Seasonal_Survival_2023,0,6,FL,75,25,N,TP,1,1x3,PDO 6-0,0.3,I,sub-yearling,,40.154441,-122.202488,461.579,,On,,ATS,SS300,,5,5,37,5-66-21,18-Apr-23,
2162,64B4,4:11:23 PM,4:14:45 PM,8.4,83,G,G,G,N,4:16:20 PM,0,4:21:57 PM,BA,PC,,10.8,11.56,11.1,11.66,,4/18/2023,,,Seasonal Survival,Chinook salmon,Oncorhynchus tshawytscha,Hatchery,Seasonal_Survival_2023,0,6,FL,75,25,N,TP,1,1x3,PDO 6-0,0.3,I,sub-yearling,,40.154441,-122.202488,461.579,,On,,ATS,SS300,,5,5,37,5-66-21,18-Apr-23,
2163,6215,4:13:36 PM,4:17:18 PM,7.4,82,G,G,G,N,4:18:30 PM,0,4:21:59 PM,BA,PC,,10.8,11.56,11.1,11.66,,4/18/2023,,,Seasonal Survival,Chinook salmon,Oncorhynchus tshawytscha,Hatchery,Seasonal_Survival_2023,0,6,FL,75,25,N,TP,1,1x3,PDO 6-0,0.3,I,sub-yearling,,40.154441,-122.202488,461.579,,On,,ATS,SS300,,5,5,37,5-66-21,18-Apr-23,
2164,259C,4:06:28 PM,4:09:23 PM,7.8,87,G,G,G,N,4:10:53 PM,0,4:13:01 PM,Bl,JF,,10.8,11.56,11.1,11.66,,4/18/2023,,,Seasonal Survival,Chinook salmon,Oncorhynchus tshawytscha,Hatchery,Seasonal_Survival_2023,0,6,FL,75,25,N,TP,1,1x3,PDO 6-0,0.3,I,sub-yearling,,40.154441,-122.202488,461.579,,On,,ATS,SS300,,5,5,37,5-66-21,18-Apr-23,
2165,5690,4:08:54 PM,4:11:31 PM,6.6,82,G,G,G,N,4:12:49 PM,0,4:20:12 PM,Bl,JF,,10.8,11.56,11.1,11.66,,4/18/2023,,,Seasonal Survival,Chinook salmon,Oncorhynchus tshawytscha,Hatchery,Seasonal_Survival_2023,0,6,FL,75,25,N,TP,1,1x3,PDO 6-0,0.3,I,sub-yearling,,40.154441,-122.202488,461.579,,On,,ATS,SS300,,5,5,37,5-66-21,18-Apr-23,
2166,D499,3:33:05 PM,3:35:04 PM,7.8,84,G,G,G,N,3:36:29 PM,0,3:39:06 PM,BA,PC,,10.8,11.56,11.1,11.66,,4/18/2023,,,Seasonal Survival,Chinook salmon,Oncorhynchus tshawytscha,Hatchery,Seasonal_Survival_2023,0,6,FL,75,25,N,TP,1,1x3,PDO 6-0,0.21,I,sub-yearling,,40.154441,-122.202488,461.579,,On,,ATS,SS400,,5,5,71,5-66-21,18-Apr-23,
2167,B4C1,3:34:59 PM,3:37:25 PM,6.3,82,G,G,G,N,3:38:56 PM,0,3:41:22 PM,BA,PC,,10.8,11.56,11.1,11.66,,4/18/2023,,,Seasonal Survival,Chinook salmon,Oncorhynchus tshawytscha,Hatchery,Seasonal_Survival_2023,0,6,FL,75,25,N,TP,1,1x3,PDO 6-0,0.21,I,sub-yearling,,40.154441,-122.202488,461.579,,On,,ATS,SS400,,5,5,71,5-66-21,18-Apr-23,
2168,8E6F,3:37:20 PM,3:40:11 PM,6.5,84,G,G,G,N,3:41:20 PM,0,3:44:08 PM,BA,PC,,10.8,11.56,11.1,11.66,,4/18/2023,,,Seasonal Survival,Chinook salmon,Oncorhynchus tshawytscha,Hatchery,Seasonal_Survival_2023,0,6,FL,75,25,N,TP,1,1x3,PDO 6-0,0.21,I,sub-yearling,,40.154441,-122.202488,461.579,,On,,ATS,SS400,,5,5,71,5-66-21,18-Apr-23,
2169,8B0F,3:39:42 PM,3:42:53 PM,7.9,84,G,G,G,N,3:44:04 PM,0,3:46:45 PM,BA,PC,,10.8,11.56,11.1,11.66,,4/18/2023,,,Seasonal Survival,Chinook salmon,Oncorhynchus tshawytscha,Hatchery,Seasonal_Survival_2023,0,6,FL,75,25,N,TP,1,1x3,PDO 6-0,0.21,I,sub-yearling,,40.154441,-122.202488,461.579,,On,,ATS,SS400,,5,5,71,5-66-21,18-Apr-23,
2170,9CBF,3:42:42 PM,3:45:22 PM,6.5,81,G,G,G,N,3:46:43 PM,0,3:52:01 PM,BA,PC,,10.8,11.56,11.1,11.66,,4/18/2023,,,Seasonal Survival,Chinook salmon,Oncorhynchus tshawytscha,Hatchery,Seasonal_Survival_2023,0,6,FL,75,25,N,TP,1,1x3,PDO 6-0,0.21,I,sub-yearling,,40.154441,-122.202488,461.579,,On,,ATS,SS400,,5,5,71,5-66-21,18-Apr-23,
2171,8B3F,3:47:21 PM,3:50:18 PM,7.1,84,G,G,G,N,3:51:59 PM,0,3:54:26 PM,BA,PC,,10.8,11.56,11.1,11.66,,4/18/2023,,,Seasonal Survival,Chinook salmon,Oncorhynchus tshawytscha,Hatchery,Seasonal_Survival_2023,0,6,FL,75,25,N,TP,1,1x3,PDO 6-0,0.21,I,sub-yearling,,40.154441,-122.202488,461.579,,On,,ATS,SS400,,5,5,71,5-66-21,18-Apr-23,
2172,D7A6,3:50:13 PM,3:53:19 PM,8.7,86,G,G,G,N,3:54:25 PM,0,3:55:15 PM,BA,PC,,10.8,11.56,11.1,11.66,,4/18/2023,,,Seasonal Survival,Chinook salmon,Oncorhynchus tshawytscha,Hatchery,Seasonal_Survival_2023,0,6,FL,75,25,N,TP,1,1x3,PDO 6-0,0.21,I,sub-yearling,,40.154441,-122.202488,461.579,,On,,ATS,SS400,,5,5,71,5-66-21,18-Apr-23,
2173,B702,3:53:00 PM,3:56:25 PM,7.7,85,G,G,G,N,3:58:32 PM,0,4:01:46 PM,BA,PC,,10.8,11.56,11.1,11.66,,4/18/2023,,,Seasonal Survival,Chinook salmon,Oncorhynchus tshawytscha,Hatchery,Seasonal_Survival_2023,0,6,FL,75,25,N,TP,1,1x3,PDO 6-0,0.21,I,sub-yearling,,40.154441,-122.202488,461.579,,On,,ATS,SS400,,5,5,71,5-66-21,18-Apr-23,
2174,8E33,3:56:23 PM,4:00:31 PM,8.4,87,G,G,G,N,4:01:43 PM,0,4:04:45 PM,BA,PC,,10.8,11.56,11.1,11.66,,4/18/2023,,,Seasonal Survival,Chinook salmon,Oncorhynchus tshawytscha,Hatchery,Seasonal_Survival_2023,0,6,FL,75,25,N,TP,1,1x3,PDO 6-0,0.21,I,sub-yearling,,40.154441,-122.202488,461.579,,On,,ATS,SS400,,5,5,71,5-66-21,18-Apr-23,
2175,8F3D,4:00:27 PM,4:03:14 PM,7.1,84,G,G,G,N,4:04:35 PM,0,4:07:21 PM,BA,PC,,10.8,11.56,11.1,11.66,,4/18/2023,,,Seasonal Survival,Chinook salmon,Oncorhynchus tshawytscha,Hatchery,Seasonal_Survival_2023,0,6,FL,75,25,N,TP,1,1x3,PDO 6-0,0.21,I,sub-yearling,,40.154441,-122.202488,461.579,,On,,ATS,SS400,,5,5,71,5-66-21,18-Apr-23,
2176,B28F,4:03:02 PM,4:06:00 PM,7.5,87,G,G,G,N,4:07:19 PM,0,4:10:00 PM,BA,PC,,10.8,11.56,11.1,11.66,,4/18/2023,,,Seasonal Survival,Chinook salmon,Oncorhynchus tshawytscha,Hatchery,Seasonal_Survival_2023,0,6,FL,75,25,N,TP,1,1x3,PDO 6-0,0.21,I,sub-yearling,,40.154441,-122.202488,461.579,,On,,ATS,SS400,,5,5,71,5-66-21,18-Apr-23,
2177,B7F6,4:05:53 PM,4:08:23 PM,8.6,85,G,G,G,N,4:09:57 PM,0,4:11:02 PM,BA,PC,,10.8,11.56,11.1,11.66,,4/18/2023,,,Seasonal Survival,Chinook salmon,Oncorhynchus tshawytscha,Hatchery,Seasonal_Survival_2023,0,6,FL,75,25,N,TP,1,1x3,PDO 6-0,0.21,I,sub-yearling,,40.154441,-122.202488,461.579,,On,,ATS,SS400,,5,5,71,5-66-21,18-Apr-23,
2178,86F1,3:31:51 PM,3:34:37 PM,8.4,84,G,G,G,N,3:36:46 PM,0,3:38:59 PM,Bl,JF,,10.8,11.56,11.1,11.66,,4/18/2023,,,Seasonal Survival,Chinook salmon,Oncorhynchus tshawytscha,Hatchery,Seasonal_Survival_2023,0,6,FL,75,25,N,TP,1,1x3,PDO 6-0,0.21,I,sub-yearling,,40.154441,-122.202488,461.579,,On,,ATS,SS400,,5,5,71,5-66-21,18-Apr-23,
2179,8C67,3:34:08 PM,3:37:34 PM,7.1,85,G,G,G,N,3:38:57 PM,0,3:41:00 PM,Bl,JF,,10.8,11.56,11.1,11.66,,4/18/2023,,,Seasonal Survival,Chinook salmon,Oncorhynchus tshawytscha,Hatchery,Seasonal_Survival_2023,0,6,FL,75,25,N,TP,1,1x3,PDO 6-0,0.21,I,sub-yearling,,40.154441,-122.202488,461.579,,On,,ATS,SS400,,5,5,71,5-66-21,18-Apr-23,
2180,B0BE,3:37:05 PM,3:39:31 PM,8,86,G,G,G,N,3:40:58 PM,0,3:42:59 PM,Bl,JF,,10.8,11.56,11.1,11.66,,4/18/2023,,,Seasonal Survival,Chinook salmon,Oncorhynchus tshawytscha,Hatchery,Seasonal_Survival_2023,0,6,FL,75,25,N,TP,1,1x3,PDO 6-0,0.21,I,sub-yearling,,40.154441,-122.202488,461.579,,On,,ATS,SS400,,5,5,71,5-66-21,18-Apr-23,
2181,9027,3:39:14 PM,3:41:38 PM,6.8,84,G,G,G,N,3:42:56 PM,0,3:45:16 PM,Bl,JF,,10.8,11.56,11.1,11.66,,4/18/2023,,,Seasonal Survival,Chinook salmon,Oncorhynchus tshawytscha,Hatchery,Seasonal_Survival_2023,0,6,FL,75,25,N,TP,1,1x3,PDO 6-0,0.21,I,sub-yearling,,40.154441,-122.202488,461.579,,On,,ATS,SS400,,5,5,71,5-66-21,18-Apr-23,
2182,7C14,3:41:06 PM,3:43:40 PM,7,85,G,G,G,N,3:45:14 PM,0,3:47:49 PM,Bl,JF,,10.8,11.56,11.1,11.66,,4/18/2023,,,Seasonal Survival,Chinook salmon,Oncorhynchus tshawytscha,Hatchery,Seasonal_Survival_2023,0,6,FL,75,25,N,TP,1,1x3,PDO 6-0,0.21,I,sub-yearling,,40.154441,-122.202488,461.579,,On,,ATS,SS400,,5,5,71,5-66-21,18-Apr-23,
2183,79A0,3:43:20 PM,3:45:56 PM,7.2,83,G,G,G,N,3:47:46 PM,0,3:50:40 PM,Bl,JF,,10.8,11.56,11.1,11.66,,4/18/2023,,,Seasonal Survival,Chinook salmon,Oncorhynchus tshawytscha,Hatchery,Seasonal_Survival_2023,0,6,FL,75,25,N,TP,1,1x3,PDO 6-0,0.21,I,sub-yearling,,40.154441,-122.202488,461.579,,On,,ATS,SS400,,5,5,71,5-66-21,18-Apr-23,
2184,90CF,3:45:27 PM,3:49:02 PM,5.9,80,G,G,G,N,3:50:38 PM,0,3:54:21 PM,Bl,JF,,10.8,11.56,11.1,11.66,,4/18/2023,,,Seasonal Survival,Chinook salmon,Oncorhynchus tshawytscha,Hatchery,Seasonal_Survival_2023,0,6,FL,75,25,N,TP,1,1x3,PDO 6-0,0.21,I,sub-yearling,,40.154441,-122.202488,461.579,,On,,ATS,SS400,,5,5,71,5-66-21,18-Apr-23,
2185,8773,3:50:53 PM,3:53:04 PM,7,84,G,G,G,N,3:54:18 PM,0,3:56:14 PM,Bl,JF,,10.8,11.56,11.1,11.66,,4/18/2023,,,Seasonal Survival,Chinook salmon,Oncorhynchus tshawytscha,Hatchery,Seasonal_Survival_2023,0,6,FL,75,25,N,TP,1,1x3,PDO 6-0,0.21,I,sub-yearling,,40.154441,-122.202488,461.579,,On,,ATS,SS400,,5,5,71,5-66-21,18-Apr-23,
2186,845F,3:52:09 PM,3:54:41 PM,7.5,86,G,G,G,N,3:56:12 PM,0,4:00:45 PM,Bl,JF,,10.8,11.56,11.1,11.66,,4/18/2023,,,Seasonal Survival,Chinook salmon,Oncorhynchus tshawytscha,Hatchery,Seasonal_Survival_2023,0,6,FL,75,25,N,TP,1,1x3,PDO 6-0,0.21,I,sub-yearling,,40.154441,-122.202488,461.579,,On,,ATS,SS400,,5,5,71,5-66-21,18-Apr-23,
2187,B4CA,3:56:32 PM,3:59:18 PM,8.4,89,G,G,G,N,4:00:34 PM,0,4:02:44 PM,Bl,JF,,10.8,11.56,11.1,11.66,,4/18/2023,,,Seasonal Survival,Chinook salmon,Oncorhynchus tshawytscha,Hatchery,Seasonal_Survival_2023,0,6,FL,75,25,N,TP,1,1x3,PDO 6-0,0.21,I,sub-yearling,,40.154441,-122.202488,461.579,,On,,ATS,SS400,,5,5,71,5-66-21,18-Apr-23,
2188,7D3E,3:57:52 PM,4:01:19 PM,7,87,G,G,G,N,4:02:41 PM,0,4:05:45 PM,Bl,JF,,10.8,11.56,11.1,11.66,,4/18/2023,,,Seasonal Survival,Chinook salmon,Oncorhynchus tshawytscha,Hatchery,Seasonal_Survival_2023,0,6,FL,75,25,N,TP,1,1x3,PDO 6-0,0.21,I,sub-yearling,,40.154441,-122.202488,461.579,,On,,ATS,SS400,,5,5,71,5-66-21,18-Apr-23,
2189,B0B8,4:01:12 PM,4:04:18 PM,6.2,80,G,G,G,N,4:05:42 PM,0,4:08:45 PM,Bl,JF,,10.8,11.56,11.1,11.66,,4/18/2023,,,Seasonal Survival,Chinook salmon,Oncorhynchus tshawytscha,Hatchery,Seasonal_Survival_2023,0,6,FL,75,25,N,TP,1,1x3,PDO 6-0,0.21,I,sub-yearling,,40.154441,-122.202488,461.579,,On,,ATS,SS400,,5,5,71,5-66-21,18-Apr-23,
2190,0A68,4:02:58 PM,4:06:48 PM,6.5,83,G,G,G,N,4:08:43 PM,0,4:10:57 PM,Bl,JF,,10.8,11.56,11.1,11.66,,4/18/2023,,,Seasonal Survival,Chinook salmon,Oncorhynchus tshawytscha,Hatchery,Seasonal_Survival_2023,0,6,FL,75,25,N,TP,1,1x3,PDO 6-0,0.21,I,sub-yearling,,40.154441,-122.202488,461.579,,On,,ATS,SS400,,5,5,71,5-66-21,18-Apr-23,
2191,E249,8:20:52 AM,8:24:44 AM,9.3,90,G,G,G,,8:25:58 AM,0,8:27:45 AM,BL,HF,,,,,,SNOWMAN TAG,5/16/2023,,,Seasonal Survival,Chinook salmon,Oncorhynchus tshawytscha,Hatchery,Spring_Pulse_2023,2,6,FL,70,25,N,TP,1,1x3,PDO 6-0,0.3,I,sub-yearling,,,,,,On,,ATS,SS300,,5,5,71,5-66-21,16-May-23,
2192,0690,8:22:57 AM,8:26:32 AM,6.9,87,G,G,G,,8:27:39 AM,0,8:29:58 AM,BL,HF,,,,,,SNOWMAN TAG,5/16/2023,,,Seasonal Survival,Chinook salmon,Oncorhynchus tshawytscha,Hatchery,Spring_Pulse_2023,2,6,FL,70,25,N,TP,1,1x3,PDO 6-0,0.3,I,sub-yearling,,,,,,On,,ATS,SS300,,5,5,71,5-66-21,16-May-23,
2193,6BE9,8:31:21 AM,8:34:18 AM,6.9,87,G,G,G,,8:35:30 AM,0,8:38:02 AM,BL,HF,,,,,,tags hard to read.  6 looks like 5.  B very faint:  could be F or E?,5/16/2023,,,Seasonal Survival,Chinook salmon,Oncorhynchus tshawytscha,Hatchery,Spring_Pulse_2023,2,6,FL,70,25,N,TP,1,1x3,PDO 6-0,0.21,I,sub-yearling,,,,,,On,,ATS,SS400,,5,5,71,5-66-21,16-May-23,
2194,6B37,8:33:39 AM,8:37:06 AM,7.7,88,G,G,G,,8:38:31 AM,0,8:40:38 AM,BL,HF,,,,,,B faint,5/16/2023,,,Seasonal Survival,Chinook salmon,Oncorhynchus tshawytscha,Hatchery,Spring_Pulse_2023,2,6,FL,70,25,N,TP,1,1x3,PDO 6-0,0.21,I,sub-yearling,,,,,,On,,ATS,SS400,,5,5,71,5-66-21,16-May-23,
2195,6BC4,8:36:58 AM,8:39:22 AM,8.3,90,G,G,G,,8:40:36 AM,0,8:42:25 AM,BL,HF,,,,,,B faint,5/16/2023,,,Seasonal Survival,Chinook salmon,Oncorhynchus tshawytscha,Hatchery,Spring_Pulse_2023,2,6,FL,70,25,N,TP,1,1x3,PDO 6-0,0.21,I,sub-yearling,,,,,,On,,ATS,SS400,,5,5,71,5-66-21,16-May-23,
2196,6C22,8:38:48 AM,8:41:12 AM,9.5,94,G,G,G,,8:42:22 AM,0,8:44:21 AM,BL,HF,,,,,,,5/16/2023,,,Seasonal Survival,Chinook salmon,Oncorhynchus tshawytscha,Hatchery,Spring_Pulse_2023,2,6,FL,70,25,N,TP,1,1x3,PDO 6-0,0.21,I,sub-yearling,,,,,,On,,ATS,SS400,,5,5,71,5-66-21,16-May-23,
2197,50CC,8:40:46 AM,8:43:19 AM,7.7,87,G,G,G,,8:44:18 AM,0,8:47:15 AM,BL,HF,,,,,,,5/16/2023,,,Seasonal Survival,Chinook salmon,Oncorhynchus tshawytscha,Hatchery,Spring_Pulse_2023,2,6,FL,70,25,N,TP,1,1x3,PDO 6-0,0.21,I,sub-yearling,,,,,,On,,ATS,SS400,,5,5,71,5-66-21,16-May-23,
2198,5B8C,8:42:33 AM,8:45:45 AM,7.4,88,G,G,G,,8:47:13 AM,0,8:49:18 AM,BL,HF,,,,,,B faint,5/16/2023,,,Seasonal Survival,Chinook salmon,Oncorhynchus tshawytscha,Hatchery,Spring_Pulse_2023,2,6,FL,70,25,N,TP,1,1x3,PDO 6-0,0.21,I,sub-yearling,,,,,,On,,ATS,SS400,,5,5,71,5-66-21,16-May-23,
2199,527D,8:44:39 AM,8:48:08 AM,8.4,94,G,G,G,,8:49:16 AM,0,8:51:21 AM,BL,HF,,,,,,,5/16/2023,,,Seasonal Survival,Chinook salmon,Oncorhynchus tshawytscha,Hatchery,Spring_Pulse_2023,2,6,FL,70,25,N,TP,1,1x3,PDO 6-0,0.21,I,sub-yearling,,,,,,On,,ATS,SS400,,5,5,71,5-66-21,16-May-23,
2200,57E2,8:47:29 AM,8:50:10 AM,6.8,87,G,G,G,,8:51:18 AM,0,8:53:08 AM,BL,HF,,,,,,,5/16/2023,,,Seasonal Survival,Chinook salmon,Oncorhynchus tshawytscha,Hatchery,Spring_Pulse_2023,2,6,FL,70,25,N,TP,1,1x3,PDO 6-0,0.21,I,sub-yearling,,,,,,On,,ATS,SS400,,5,5,71,5-66-21,16-May-23,
2201,5276,8:49:47 AM,8:51:51 AM,8.6,91,G,G,G,,8:53:04 AM,0,8:55:13 AM,BL,HF,,,,,,,5/16/2023,,,Seasonal Survival,Chinook salmon,Oncorhynchus tshawytscha,Hatchery,Spring_Pulse_2023,2,6,FL,70,25,N,TP,1,1x3,PDO 6-0,0.21,I,sub-yearling,,,,,,On,,ATS,SS400,,5,5,71,5-66-21,16-May-23,
2202,0354,8:51:32 AM,8:53:57 AM,7.3,89,G,G,G,,8:55:10 AM,0,8:55:53 AM,BL,HF,,,,,,,5/16/2023,,,Seasonal Survival,Chinook salmon,Oncorhynchus tshawytscha,Hatchery,Spring_Pulse_2023,2,6,FL,70,25,N,TP,1,1x3,PDO 6-0,0.21,I,sub-yearling,,,,,,On,,ATS,SS400,,5,5,71,5-66-21,16-May-23,
2203,CAB4,8:23:16 AM,8:26:00 AM,6.5,88,G,G,G,,8:27:30 AM,0,8:29:39 AM,JF,BA,,,,,,SS300,5/16/2023,,,Seasonal Survival,Chinook salmon,Oncorhynchus tshawytscha,Hatchery,Spring_Pulse_2023,2,6,FL,75,25,N,TP,1,1x3,PDO 6-0,0.3,I,sub-yearling,,,,,,On,,ATS,SS300,,5,5,71,5-66-21,16-May-23,
2204,59AB,8:24:23 AM,8:28:12 AM,11,101,G,G,G,,8:29:38 AM,0,8:34:58 AM,JF,BA,,,,,,SS300,5/16/2023,,,Seasonal Survival,Chinook salmon,Oncorhynchus tshawytscha,Hatchery,Spring_Pulse_2023,2,6,FL,75,25,N,TP,1,1x3,PDO 6-0,0.3,I,sub-yearling,,,,,,On,,ATS,SS300,,5,5,71,5-66-21,16-May-23,
2205,6B45,8:30:57 AM,8:33:13 AM,8.4,91,G,G,G,,8:34:57 AM,0,8:37:09 AM,JF,BA,,,,,,SS400. JUMPED DURING INCISION,5/16/2023,,,Seasonal Survival,Chinook salmon,Oncorhynchus tshawytscha,Hatchery,Spring_Pulse_2023,2,6,FL,75,25,N,TP,1,1x3,PDO 6-0,0.21,I,sub-yearling,,,,,,On,,ATS,SS400,,5,5,71,5-66-21,16-May-23,
2206,6B33,8:32:46 AM,8:35:35 AM,7.3,87,G,G,G,,8:37:07 AM,0,8:39:14 AM,JF,BA,,,,,,SS400,5/16/2023,,,Seasonal Survival,Chinook salmon,Oncorhynchus tshawytscha,Hatchery,Spring_Pulse_2023,2,6,FL,75,25,N,TP,1,1x3,PDO 6-0,0.21,I,sub-yearling,,,,,,On,,ATS,SS400,,5,5,71,5-66-21,16-May-23,
2207,4DC8,8:35:33 AM,8:37:38 AM,7.1,88,G,G,G,,8:39:12 AM,0,8:43:12 AM,JF,BA,,,,,,SS400,5/16/2023,,,Seasonal Survival,Chinook salmon,Oncorhynchus tshawytscha,Hatchery,Spring_Pulse_2023,2,6,FL,75,25,N,TP,1,1x3,PDO 6-0,0.21,I,sub-yearling,,,,,,On,,ATS,SS400,,5,5,71,5-66-21,16-May-23,
2208,5D0C,8:40:23 AM,8:41:39 AM,6.2,84,G,G,G,,8:43:11 AM,0,8:45:23 AM,JF,BA,,,,,,SS400,5/16/2023,,,Seasonal Survival,Chinook salmon,Oncorhynchus tshawytscha,Hatchery,Spring_Pulse_2023,2,6,FL,75,25,N,TP,1,1x3,PDO 6-0,0.21,I,sub-yearling,,,,,,On,,ATS,SS400,,5,5,71,5-66-21,16-May-23,
2209,5D78,8:41:15 AM,8:44:01 AM,6.7,89,G,G,G,,8:45:20 AM,0,8:47:35 AM,JF,BA,,,,,,SS400,5/16/2023,,,Seasonal Survival,Chinook salmon,Oncorhynchus tshawytscha,Hatchery,Spring_Pulse_2023,2,6,FL,75,25,N,TP,1,1x3,PDO 6-0,0.21,I,sub-yearling,,,,,,On,,ATS,SS400,,5,5,71,5-66-21,16-May-23,
2210,4D10,8:43:54 AM,8:46:03 AM,5.6,85,G,G,G,,8:47:31 AM,0,8:49:23 AM,JF,BA,,,,,,SS400,5/16/2023,,,Seasonal Survival,Chinook salmon,Oncorhynchus tshawytscha,Hatchery,Spring_Pulse_2023,2,6,FL,75,25,N,TP,1,1x3,PDO 6-0,0.21,I,sub-yearling,,,,,,On,,ATS,SS400,,5,5,71,5-66-21,16-May-23,
2211,6B90,8:46:02 AM,8:48:11 AM,8.9,94,G,G,G,,8:49:22 AM,0,8:51:09 AM,JF,BA,,,,,,SS400,5/16/2023,,,Seasonal Survival,Chinook salmon,Oncorhynchus tshawytscha,Hatchery,Spring_Pulse_2023,2,6,FL,75,25,N,TP,1,1x3,PDO 6-0,0.21,I,sub-yearling,,,,,,On,,ATS,SS400,,5,5,71,5-66-21,16-May-23,
2212,5287,8:48:09 AM,8:49:56 AM,8.2,92,G,G,G,,8:51:07 AM,0,8:53:03 AM,JF,BA,,,,,,SS400,5/16/2023,,,Seasonal Survival,Chinook salmon,Oncorhynchus tshawytscha,Hatchery,Spring_Pulse_2023,2,6,FL,75,25,N,TP,1,1x3,PDO 6-0,0.21,I,sub-yearling,,,,,,On,,ATS,SS400,,5,5,71,5-66-21,16-May-23,
2213,5CF4,8:49:52 AM,8:51:53 AM,6.2,84,G,G,G,,8:53:02 AM,0,8:55:42 AM,JF,BA,,,,,,SS400,5/16/2023,,,Seasonal Survival,Chinook salmon,Oncorhynchus tshawytscha,Hatchery,Spring_Pulse_2023,2,6,FL,75,25,N,TP,1,1x3,PDO 6-0,0.21,I,sub-yearling,,,,,,On,,ATS,SS400,,5,5,71,5-66-21,16-May-23,
2214,5C6B,8:51:51 AM,8:54:21 AM,7.6,89,G,G,G,,8:55:40 AM,0,8:58:11 AM,JF,BA,,,,,,SS400,5/16/2023,,,Seasonal Survival,Chinook salmon,Oncorhynchus tshawytscha,Hatchery,Spring_Pulse_2023,2,6,FL,75,25,N,TP,1,1x3,PDO 6-0,0.21,I,sub-yearling,,,,,,On,,ATS,SS400,,5,5,71,5-66-21,16-May-23,